--Chuyển db thành unsafe để delete dữ liệu table
SET SQL_SAFE_UPDATES = 0;
--Chuyển dn thành safe
SET SQL_SAFE_UPDATES = 1;
--Xóa hết hàng trong bảng
TRUNCATE TABLE pmchamcong.attendancerecords;
--Inset dữ liệu vào bảng (không chạy lệnh insert attendancerecords trong sql của t)
--Dat ten schema la pmchamcong
CREATE TABLE pmchamcong.departments (
    department_id CHAR(10) PRIMARY KEY,
    department_name VARCHAR(255)
);
CREATE TABLE pmchamcong.employees (
    employee_id CHAR(30) PRIMARY KEY,
    name VARCHAR(255),
    department_id CHAR(10),
    employee_type VARCHAR(50),
    FOREIGN KEY (department_id) REFERENCES departments(department_id)
);

CREATE TABLE pmchamcong.attendancerecords (
    record_id CHAR(10) PRIMARY KEY,
    employee_id CHAR(10),
    fingerscanner_id CHAR(10),
    date VARCHAR(10),
    time VARCHAR(8),
    FOREIGN KEY (employee_id) REFERENCES employees(employee_id)
);

INSERT INTO pmchamcong.employees (employee_id, name, department_id, employee_type) VALUES
('EMP001', 'Nguyen Van A', 'DEPT001', 'NHANVIEN'),
('EMP003', 'Le Van C', 'DEPT003', 'NHANVIEN'),
('EMP005', 'Hoang Van E', 'DEPT005', 'NHANVIEN'),
('EMP007', 'Dang Van G', 'DEPT007', 'NHANVIEN'),
('EMP009', 'Dao Van I', 'DEPT009', 'NHANVIEN')

INSERT INTO pmchamcong.departments (department_id, department_name) VALUES
('DEPT001', 'Vận Hành Nhà Máy'),
('DEPT002', 'Công Nghệ Thông Tin'),
('DEPT003', 'Nhân Sự'),
('DEPT004', 'Kinh Doanh và Tiếp Thị'),
('DEPT005', 'Nghiên Cứu và Phát Triển'),
('DEPT006', 'Hỗ Trợ Khách Hàng'),
('DEPT007', 'Tài Chính'),
('DEPT008', 'Logistics'),
('DEPT009', 'Đảm Bảo Chất Lượng'),
('DEPT010', 'Thu Mua');

INSERT INTO pmchamcong.attendancerecords (record_id, employee_id, fingerscanner_id, date, time) VALUES
('RECORD001', 'EMP001', 'SCAN0001', '01-06-2022', '08:20:00'),
('RECORD002', 'EMP001', 'SCAN0001', '01-06-2022', '12:04:00'),
('RECORD003', 'EMP001', 'SCAN0001', '01-06-2022', '14:03:00'),
('RECORD004', 'EMP001', 'SCAN0001', '01-06-2022', '16:55:00'),
('RECORD005', 'EMP003', 'SCAN0001', '01-06-2022', '08:57:00'),
('RECORD006', 'EMP003', 'SCAN0001', '01-06-2022', '12:06:00'),
('RECORD007', 'EMP003', 'SCAN0001', '01-06-2022', '13:11:00'),
('RECORD008', 'EMP003', 'SCAN0001', '01-06-2022', '17:40:00'),
('RECORD009', 'EMP005', 'SCAN0001', '01-06-2022', '09:05:00'),
('RECORD010', 'EMP005', 'SCAN0001', '01-06-2022', '11:55:00'),
('RECORD011', 'EMP005', 'SCAN0001', '01-06-2022', '12:53:00'),
('RECORD012', 'EMP005', 'SCAN0001', '01-06-2022', '16:56:00'),
('RECORD013', 'EMP001', 'SCAN0001', '07-02-2022', '09:01:00'),
('RECORD014', 'EMP001', 'SCAN0001', '07-02-2022', '13:09:00'),
('RECORD015', 'EMP001', 'SCAN0001', '07-02-2022', '12:51:00'),
('RECORD016', 'EMP001', 'SCAN0001', '07-02-2022', '17:40:00'),
('RECORD017', 'EMP003', 'SCAN0001', '07-02-2022', '07:54:00'),
('RECORD018', 'EMP003', 'SCAN0001', '07-02-2022', '13:07:00'),
('RECORD019', 'EMP003', 'SCAN0001', '07-02-2022', '13:10:00'),
('RECORD020', 'EMP003', 'SCAN0001', '07-02-2022', '17:00:00'),
('RECORD021', 'EMP005', 'SCAN0001', '07-02-2022', '09:05:00'),
('RECORD022', 'EMP005', 'SCAN0001', '07-02-2022', '12:45:00'),
('RECORD023', 'EMP005', 'SCAN0001', '07-02-2022', '12:59:00'),
('RECORD024', 'EMP005', 'SCAN0001', '07-02-2022', '16:59:00'),
('RECORD025', 'EMP001', 'SCAN0001', '27-11-2022', '08:07:00'),
('RECORD026', 'EMP001', 'SCAN0001', '27-11-2022', '12:09:00'),
('RECORD027', 'EMP001', 'SCAN0001', '27-11-2022', '14:02:00'),
('RECORD028', 'EMP001', 'SCAN0001', '27-11-2022', '17:56:00'),
('RECORD029', 'EMP003', 'SCAN0001', '27-11-2022', '08:43:00'),
('RECORD030', 'EMP003', 'SCAN0001', '27-11-2022', '12:45:00'),
('RECORD031', 'EMP003', 'SCAN0001', '27-11-2022', '13:42:00'),
('RECORD032', 'EMP003', 'SCAN0001', '27-11-2022', '17:46:00'),
('RECORD033', 'EMP005', 'SCAN0001', '27-11-2022', '07:55:00'),
('RECORD034', 'EMP005', 'SCAN0001', '27-11-2022', '13:02:00'),
('RECORD035', 'EMP005', 'SCAN0001', '27-11-2022', '13:07:00'),
('RECORD036', 'EMP005', 'SCAN0001', '27-11-2022', '17:17:00'),
('RECORD037', 'EMP001', 'SCAN0001', '27-11-2022', '08:08:00'),
('RECORD038', 'EMP001', 'SCAN0001', '27-11-2022', '12:59:00'),
('RECORD039', 'EMP001', 'SCAN0001', '27-11-2022', '14:06:00'),
('RECORD040', 'EMP001', 'SCAN0001', '27-11-2022', '17:15:00'),
('RECORD041', 'EMP003', 'SCAN0001', '27-11-2022', '08:58:00'),
('RECORD042', 'EMP003', 'SCAN0001', '27-11-2022', '13:01:00'),
('RECORD043', 'EMP003', 'SCAN0001', '27-11-2022', '12:56:00'),
('RECORD044', 'EMP003', 'SCAN0001', '27-11-2022', '17:05:00'),
('RECORD045', 'EMP005', 'SCAN0001', '27-11-2022', '09:05:00'),
('RECORD046', 'EMP005', 'SCAN0001', '27-11-2022', '12:46:00'),
('RECORD047', 'EMP005', 'SCAN0001', '27-11-2022', '13:51:00'),
('RECORD048', 'EMP005', 'SCAN0001', '27-11-2022', '16:52:00'),
('RECORD049', 'EMP001', 'SCAN0001', '14-02-2022', '08:56:00'),
('RECORD050', 'EMP001', 'SCAN0001', '14-02-2022', '12:10:00'),
('RECORD051', 'EMP001', 'SCAN0001', '14-02-2022', '13:49:00'),
('RECORD052', 'EMP001', 'SCAN0001', '14-02-2022', '17:56:00'),
('RECORD053', 'EMP003', 'SCAN0001', '14-02-2022', '07:56:00'),
('RECORD054', 'EMP003', 'SCAN0001', '14-02-2022', '12:13:00'),
('RECORD055', 'EMP003', 'SCAN0001', '14-02-2022', '13:52:00'),
('RECORD056', 'EMP003', 'SCAN0001', '14-02-2022', '17:44:00'),
('RECORD057', 'EMP005', 'SCAN0001', '14-02-2022', '08:18:00'),
('RECORD058', 'EMP005', 'SCAN0001', '14-02-2022', '12:47:00'),
('RECORD059', 'EMP005', 'SCAN0001', '14-02-2022', '13:00:00'),
('RECORD060', 'EMP005', 'SCAN0001', '14-02-2022', '17:59:00'),
('RECORD061', 'EMP001', 'SCAN0001', '16-07-2022', '08:56:00'),
('RECORD062', 'EMP001', 'SCAN0001', '16-07-2022', '12:47:00'),
('RECORD063', 'EMP001', 'SCAN0001', '16-07-2022', '13:42:00'),
('RECORD064', 'EMP001', 'SCAN0001', '16-07-2022', '17:04:00'),
('RECORD065', 'EMP003', 'SCAN0001', '16-07-2022', '08:52:00'),
('RECORD066', 'EMP003', 'SCAN0001', '16-07-2022', '12:00:00'),
('RECORD067', 'EMP003', 'SCAN0001', '16-07-2022', '13:52:00'),
('RECORD068', 'EMP003', 'SCAN0001', '16-07-2022', '17:11:00'),
('RECORD069', 'EMP005', 'SCAN0001', '16-07-2022', '08:44:00'),
('RECORD070', 'EMP005', 'SCAN0001', '16-07-2022', '13:09:00'),
('RECORD071', 'EMP005', 'SCAN0001', '16-07-2022', '13:17:00'),
('RECORD072', 'EMP005', 'SCAN0001', '16-07-2022', '17:57:00'),
('RECORD073', 'EMP001', 'SCAN0001', '26-07-2022', '08:51:00'),
('RECORD074', 'EMP001', 'SCAN0001', '26-07-2022', '12:09:00'),
('RECORD075', 'EMP001', 'SCAN0001', '26-07-2022', '13:08:00'),
('RECORD076', 'EMP001', 'SCAN0001', '26-07-2022', '17:54:00'),
('RECORD077', 'EMP003', 'SCAN0001', '26-07-2022', '08:46:00'),
('RECORD078', 'EMP003', 'SCAN0001', '26-07-2022', '13:10:00'),
('RECORD079', 'EMP003', 'SCAN0001', '26-07-2022', '13:41:00'),
('RECORD080', 'EMP003', 'SCAN0001', '26-07-2022', '18:01:00'),
('RECORD081', 'EMP005', 'SCAN0001', '26-07-2022', '08:10:00'),
('RECORD082', 'EMP005', 'SCAN0001', '26-07-2022', '12:56:00'),
('RECORD083', 'EMP005', 'SCAN0001', '26-07-2022', '13:45:00'),
('RECORD084', 'EMP005', 'SCAN0001', '26-07-2022', '17:03:00'),
('RECORD085', 'EMP001', 'SCAN0001', '23-12-2022', '08:55:00'),
('RECORD086', 'EMP001', 'SCAN0001', '23-12-2022', '11:59:00'),
('RECORD087', 'EMP001', 'SCAN0001', '23-12-2022', '13:02:00'),
('RECORD088', 'EMP001', 'SCAN0001', '23-12-2022', '17:19:00'),
('RECORD089', 'EMP003', 'SCAN0001', '23-12-2022', '08:47:00'),
('RECORD090', 'EMP003', 'SCAN0001', '23-12-2022', '12:49:00'),
('RECORD091', 'EMP003', 'SCAN0001', '23-12-2022', '13:03:00'),
('RECORD092', 'EMP003', 'SCAN0001', '23-12-2022', '17:18:00'),
('RECORD093', 'EMP005', 'SCAN0001', '23-12-2022', '08:51:00'),
('RECORD094', 'EMP005', 'SCAN0001', '23-12-2022', '12:44:00'),
('RECORD095', 'EMP005', 'SCAN0001', '23-12-2022', '14:00:00'),
('RECORD096', 'EMP005', 'SCAN0001', '23-12-2022', '17:50:00'),
('RECORD097', 'EMP001', 'SCAN0001', '01-09-2022', '07:59:00'),
('RECORD098', 'EMP001', 'SCAN0001', '01-09-2022', '11:53:00'),
('RECORD099', 'EMP001', 'SCAN0001', '01-09-2022', '14:07:00'),
('RECORD100', 'EMP001', 'SCAN0001', '01-09-2022', '16:51:00'),
('RECORD101', 'EMP003', 'SCAN0001', '01-09-2022', '08:17:00'),
('RECORD102', 'EMP003', 'SCAN0001', '01-09-2022', '13:09:00'),
('RECORD103', 'EMP003', 'SCAN0001', '01-09-2022', '13:11:00'),
('RECORD104', 'EMP003', 'SCAN0001', '01-09-2022', '17:59:00'),
('RECORD105', 'EMP005', 'SCAN0001', '01-09-2022', '07:52:00'),
('RECORD106', 'EMP005', 'SCAN0001', '01-09-2022', '12:10:00'),
('RECORD107', 'EMP005', 'SCAN0001', '01-09-2022', '12:57:00'),
('RECORD108', 'EMP005', 'SCAN0001', '01-09-2022', '17:14:00'),
('RECORD109', 'EMP001', 'SCAN0001', '29-07-2022', '08:02:00'),
('RECORD110', 'EMP001', 'SCAN0001', '29-07-2022', '13:07:00'),
('RECORD111', 'EMP001', 'SCAN0001', '29-07-2022', '13:11:00'),
('RECORD112', 'EMP001', 'SCAN0001', '29-07-2022', '17:46:00'),
('RECORD113', 'EMP003', 'SCAN0001', '29-07-2022', '09:00:00'),
('RECORD114', 'EMP003', 'SCAN0001', '29-07-2022', '12:56:00'),
('RECORD115', 'EMP003', 'SCAN0001', '29-07-2022', '12:50:00'),
('RECORD116', 'EMP003', 'SCAN0001', '29-07-2022', '18:05:00'),
('RECORD117', 'EMP005', 'SCAN0001', '29-07-2022', '08:58:00'),
('RECORD118', 'EMP005', 'SCAN0001', '29-07-2022', '13:10:00'),
('RECORD119', 'EMP005', 'SCAN0001', '29-07-2022', '13:59:00'),
('RECORD120', 'EMP005', 'SCAN0001', '29-07-2022', '17:18:00'),
('RECORD121', 'EMP001', 'SCAN0001', '03-03-2022', '07:58:00'),
('RECORD122', 'EMP001', 'SCAN0001', '03-03-2022', '12:55:00'),
('RECORD123', 'EMP001', 'SCAN0001', '03-03-2022', '13:15:00'),
('RECORD124', 'EMP001', 'SCAN0001', '03-03-2022', '17:48:00'),
('RECORD125', 'EMP003', 'SCAN0001', '03-03-2022', '08:50:00'),
('RECORD126', 'EMP003', 'SCAN0001', '03-03-2022', '12:17:00'),
('RECORD127', 'EMP003', 'SCAN0001', '03-03-2022', '13:59:00'),
('RECORD128', 'EMP003', 'SCAN0001', '03-03-2022', '17:47:00'),
('RECORD129', 'EMP005', 'SCAN0001', '03-03-2022', '07:52:00'),
('RECORD130', 'EMP005', 'SCAN0001', '03-03-2022', '12:01:00'),
('RECORD131', 'EMP005', 'SCAN0001', '03-03-2022', '13:16:00'),
('RECORD132', 'EMP005', 'SCAN0001', '03-03-2022', '17:10:00'),
('RECORD133', 'EMP001', 'SCAN0001', '15-01-2022', '08:47:00'),
('RECORD134', 'EMP001', 'SCAN0001', '15-01-2022', '12:14:00'),
('RECORD135', 'EMP001', 'SCAN0001', '15-01-2022', '13:47:00'),
('RECORD136', 'EMP001', 'SCAN0001', '15-01-2022', '17:59:00'),
('RECORD137', 'EMP003', 'SCAN0001', '15-01-2022', '08:09:00'),
('RECORD138', 'EMP003', 'SCAN0001', '15-01-2022', '12:20:00'),
('RECORD139', 'EMP003', 'SCAN0001', '15-01-2022', '13:15:00'),
('RECORD140', 'EMP003', 'SCAN0001', '15-01-2022', '17:54:00'),
('RECORD141', 'EMP005', 'SCAN0001', '15-01-2022', '08:44:00'),
('RECORD142', 'EMP005', 'SCAN0001', '15-01-2022', '12:50:00'),
('RECORD143', 'EMP005', 'SCAN0001', '15-01-2022', '12:56:00'),
('RECORD144', 'EMP005', 'SCAN0001', '15-01-2022', '17:58:00'),
('RECORD145', 'EMP001', 'SCAN0001', '08-02-2022', '08:40:00'),
('RECORD146', 'EMP001', 'SCAN0001', '08-02-2022', '12:42:00'),
('RECORD147', 'EMP001', 'SCAN0001', '08-02-2022', '13:05:00'),
('RECORD148', 'EMP001', 'SCAN0001', '08-02-2022', '17:49:00'),
('RECORD149', 'EMP003', 'SCAN0001', '08-02-2022', '09:07:00'),
('RECORD150', 'EMP003', 'SCAN0001', '08-02-2022', '13:03:00'),
('RECORD151', 'EMP003', 'SCAN0001', '08-02-2022', '13:09:00'),
('RECORD152', 'EMP003', 'SCAN0001', '08-02-2022', '17:54:00'),
('RECORD153', 'EMP005', 'SCAN0001', '08-02-2022', '08:47:00'),
('RECORD154', 'EMP005', 'SCAN0001', '08-02-2022', '12:10:00'),
('RECORD155', 'EMP005', 'SCAN0001', '08-02-2022', '13:53:00'),
('RECORD156', 'EMP005', 'SCAN0001', '08-02-2022', '16:56:00'),
('RECORD157', 'EMP001', 'SCAN0001', '01-08-2022', '08:49:00'),
('RECORD158', 'EMP001', 'SCAN0001', '01-08-2022', '12:11:00'),
('RECORD159', 'EMP001', 'SCAN0001', '01-08-2022', '12:51:00'),
('RECORD160', 'EMP001', 'SCAN0001', '01-08-2022', '16:59:00'),
('RECORD161', 'EMP003', 'SCAN0001', '01-08-2022', '07:52:00'),
('RECORD162', 'EMP003', 'SCAN0001', '01-08-2022', '13:08:00'),
('RECORD163', 'EMP003', 'SCAN0001', '01-08-2022', '14:05:00'),
('RECORD164', 'EMP003', 'SCAN0001', '01-08-2022', '17:20:00'),
('RECORD165', 'EMP005', 'SCAN0001', '01-08-2022', '08:17:00'),
('RECORD166', 'EMP005', 'SCAN0001', '01-08-2022', '11:54:00'),
('RECORD167', 'EMP005', 'SCAN0001', '01-08-2022', '13:48:00'),
('RECORD168', 'EMP005', 'SCAN0001', '01-08-2022', '17:53:00'),
('RECORD169', 'EMP001', 'SCAN0001', '08-11-2022', '09:05:00'),
('RECORD170', 'EMP001', 'SCAN0001', '08-11-2022', '12:43:00'),
('RECORD171', 'EMP001', 'SCAN0001', '08-11-2022', '13:53:00'),
('RECORD172', 'EMP001', 'SCAN0001', '08-11-2022', '17:18:00'),
('RECORD173', 'EMP003', 'SCAN0001', '08-11-2022', '08:51:00'),
('RECORD174', 'EMP003', 'SCAN0001', '08-11-2022', '12:11:00'),
('RECORD175', 'EMP003', 'SCAN0001', '08-11-2022', '13:47:00'),
('RECORD176', 'EMP003', 'SCAN0001', '08-11-2022', '17:07:00'),
('RECORD177', 'EMP005', 'SCAN0001', '08-11-2022', '07:59:00'),
('RECORD178', 'EMP005', 'SCAN0001', '08-11-2022', '12:00:00'),
('RECORD179', 'EMP005', 'SCAN0001', '08-11-2022', '13:40:00'),
('RECORD180', 'EMP005', 'SCAN0001', '08-11-2022', '17:40:00'),
('RECORD181', 'EMP001', 'SCAN0001', '29-09-2022', '08:03:00'),
('RECORD182', 'EMP001', 'SCAN0001', '29-09-2022', '12:55:00'),
('RECORD183', 'EMP001', 'SCAN0001', '29-09-2022', '13:05:00'),
('RECORD184', 'EMP001', 'SCAN0001', '29-09-2022', '17:17:00'),
('RECORD185', 'EMP003', 'SCAN0001', '29-09-2022', '07:52:00'),
('RECORD186', 'EMP003', 'SCAN0001', '29-09-2022', '12:09:00'),
('RECORD187', 'EMP003', 'SCAN0001', '29-09-2022', '13:04:00'),
('RECORD188', 'EMP003', 'SCAN0001', '29-09-2022', '16:58:00'),
('RECORD189', 'EMP005', 'SCAN0001', '29-09-2022', '08:20:00'),
('RECORD190', 'EMP005', 'SCAN0001', '29-09-2022', '13:07:00'),
('RECORD191', 'EMP005', 'SCAN0001', '29-09-2022', '13:01:00'),
('RECORD192', 'EMP005', 'SCAN0001', '29-09-2022', '16:52:00'),
('RECORD193', 'EMP001', 'SCAN0001', '01-07-2022', '07:53:00'),
('RECORD194', 'EMP001', 'SCAN0001', '01-07-2022', '12:15:00'),
('RECORD195', 'EMP001', 'SCAN0001', '01-07-2022', '12:58:00'),
('RECORD196', 'EMP001', 'SCAN0001', '01-07-2022', '16:54:00'),
('RECORD197', 'EMP003', 'SCAN0001', '01-07-2022', '08:07:00'),
('RECORD198', 'EMP003', 'SCAN0001', '01-07-2022', '12:52:00'),
('RECORD199', 'EMP003', 'SCAN0001', '01-07-2022', '13:08:00'),
('RECORD200', 'EMP003', 'SCAN0001', '01-07-2022', '18:06:00')
INSERT INTO pmchamcong.attendancerecords (record_id, employee_id, fingerscanner_id, date, time) VALUES
('RECORD201', 'EMP001', 'SCAN0001', '24-08-2023', '08:15:00'),
('RECORD202', 'EMP001', 'SCAN0001', '24-08-2023', '12:40:00'),
('RECORD203', 'EMP001', 'SCAN0001', '24-08-2023', '12:53:00'),
('RECORD204', 'EMP001', 'SCAN0001', '24-08-2023', '18:06:00'),
('RECORD205', 'EMP003', 'SCAN0001', '24-08-2023', '08:56:00'),
('RECORD206', 'EMP003', 'SCAN0001', '24-08-2023', '13:02:00'),
('RECORD207', 'EMP003', 'SCAN0001', '24-08-2023', '13:17:00'),
('RECORD208', 'EMP003', 'SCAN0001', '24-08-2023', '17:04:00'),
('RECORD209', 'EMP005', 'SCAN0001', '24-08-2023', '08:49:00'),
('RECORD210', 'EMP005', 'SCAN0001', '24-08-2023', '12:04:00'),
('RECORD211', 'EMP005', 'SCAN0001', '24-08-2023', '12:53:00'),
('RECORD212', 'EMP005', 'SCAN0001', '24-08-2023', '16:51:00'),
('RECORD213', 'EMP001', 'SCAN0001', '03-07-2023', '08:18:00'),
('RECORD214', 'EMP001', 'SCAN0001', '03-07-2023', '12:19:00'),
('RECORD215', 'EMP001', 'SCAN0001', '03-07-2023', '13:20:00'),
('RECORD216', 'EMP001', 'SCAN0001', '03-07-2023', '18:09:00'),
('RECORD217', 'EMP003', 'SCAN0001', '03-07-2023', '07:52:00'),
('RECORD218', 'EMP003', 'SCAN0001', '03-07-2023', '12:50:00'),
('RECORD219', 'EMP003', 'SCAN0001', '03-07-2023', '13:05:00'),
('RECORD220', 'EMP003', 'SCAN0001', '03-07-2023', '17:07:00'),
('RECORD221', 'EMP005', 'SCAN0001', '03-07-2023', '08:16:00'),
('RECORD222', 'EMP005', 'SCAN0001', '03-07-2023', '12:41:00'),
('RECORD223', 'EMP005', 'SCAN0001', '03-07-2023', '14:08:00'),
('RECORD224', 'EMP005', 'SCAN0001', '03-07-2023', '16:58:00'),
('RECORD225', 'EMP001', 'SCAN0001', '03-05-2023', '08:01:00'),
('RECORD226', 'EMP001', 'SCAN0001', '03-05-2023', '12:53:00'),
('RECORD227', 'EMP001', 'SCAN0001', '03-05-2023', '13:03:00'),
('RECORD228', 'EMP001', 'SCAN0001', '03-05-2023', '17:13:00'),
('RECORD229', 'EMP003', 'SCAN0001', '03-05-2023', '08:44:00'),
('RECORD230', 'EMP003', 'SCAN0001', '03-05-2023', '11:58:00'),
('RECORD231', 'EMP003', 'SCAN0001', '03-05-2023', '13:20:00'),
('RECORD232', 'EMP003', 'SCAN0001', '03-05-2023', '16:51:00'),
('RECORD233', 'EMP005', 'SCAN0001', '03-05-2023', '09:01:00'),
('RECORD234', 'EMP005', 'SCAN0001', '03-05-2023', '12:41:00'),
('RECORD235', 'EMP005', 'SCAN0001', '03-05-2023', '13:56:00'),
('RECORD236', 'EMP005', 'SCAN0001', '03-05-2023', '18:08:00'),
('RECORD237', 'EMP001', 'SCAN0001', '29-12-2023', '08:16:00'),
('RECORD238', 'EMP001', 'SCAN0001', '29-12-2023', '13:02:00'),
('RECORD239', 'EMP001', 'SCAN0001', '29-12-2023', '13:46:00'),
('RECORD240', 'EMP001', 'SCAN0001', '29-12-2023', '16:58:00'),
('RECORD241', 'EMP003', 'SCAN0001', '29-12-2023', '08:19:00'),
('RECORD242', 'EMP003', 'SCAN0001', '29-12-2023', '12:46:00'),
('RECORD243', 'EMP003', 'SCAN0001', '29-12-2023', '13:05:00'),
('RECORD244', 'EMP003', 'SCAN0001', '29-12-2023', '16:58:00'),
('RECORD245', 'EMP005', 'SCAN0001', '29-12-2023', '08:56:00'),
('RECORD246', 'EMP005', 'SCAN0001', '29-12-2023', '11:55:00'),
('RECORD247', 'EMP005', 'SCAN0001', '29-12-2023', '13:04:00'),
('RECORD248', 'EMP005', 'SCAN0001', '29-12-2023', '16:53:00'),
('RECORD249', 'EMP001', 'SCAN0001', '13-10-2023', '07:51:00'),
('RECORD250', 'EMP001', 'SCAN0001', '13-10-2023', '12:44:00'),
('RECORD251', 'EMP001', 'SCAN0001', '13-10-2023', '12:52:00'),
('RECORD252', 'EMP001', 'SCAN0001', '13-10-2023', '17:56:00'),
('RECORD253', 'EMP003', 'SCAN0001', '13-10-2023', '08:40:00'),
('RECORD254', 'EMP003', 'SCAN0001', '13-10-2023', '12:13:00'),
('RECORD255', 'EMP003', 'SCAN0001', '13-10-2023', '14:02:00'),
('RECORD256', 'EMP003', 'SCAN0001', '13-10-2023', '18:08:00'),
('RECORD257', 'EMP005', 'SCAN0001', '13-10-2023', '08:12:00'),
('RECORD258', 'EMP005', 'SCAN0001', '13-10-2023', '12:13:00'),
('RECORD259', 'EMP005', 'SCAN0001', '13-10-2023', '14:05:00'),
('RECORD260', 'EMP005', 'SCAN0001', '13-10-2023', '17:15:00'),
('RECORD261', 'EMP001', 'SCAN0001', '14-12-2023', '08:48:00'),
('RECORD262', 'EMP001', 'SCAN0001', '14-12-2023', '12:48:00'),
('RECORD263', 'EMP001', 'SCAN0001', '14-12-2023', '12:58:00'),
('RECORD264', 'EMP001', 'SCAN0001', '14-12-2023', '17:54:00'),
('RECORD265', 'EMP003', 'SCAN0001', '14-12-2023', '08:59:00'),
('RECORD266', 'EMP003', 'SCAN0001', '14-12-2023', '12:14:00'),
('RECORD267', 'EMP003', 'SCAN0001', '14-12-2023', '13:56:00'),
('RECORD268', 'EMP003', 'SCAN0001', '14-12-2023', '17:01:00'),
('RECORD269', 'EMP005', 'SCAN0001', '14-12-2023', '08:15:00'),
('RECORD270', 'EMP005', 'SCAN0001', '14-12-2023', '12:44:00'),
('RECORD271', 'EMP005', 'SCAN0001', '14-12-2023', '13:18:00'),
('RECORD272', 'EMP005', 'SCAN0001', '14-12-2023', '17:00:00'),
('RECORD273', 'EMP001', 'SCAN0001', '14-12-2023', '08:20:00'),
('RECORD274', 'EMP001', 'SCAN0001', '14-12-2023', '12:47:00'),
('RECORD275', 'EMP001', 'SCAN0001', '14-12-2023', '12:57:00'),
('RECORD276', 'EMP001', 'SCAN0001', '14-12-2023', '18:10:00'),
('RECORD277', 'EMP003', 'SCAN0001', '14-12-2023', '08:47:00'),
('RECORD278', 'EMP003', 'SCAN0001', '14-12-2023', '13:05:00'),
('RECORD279', 'EMP003', 'SCAN0001', '14-12-2023', '12:50:00'),
('RECORD280', 'EMP003', 'SCAN0001', '14-12-2023', '16:50:00'),
('RECORD281', 'EMP005', 'SCAN0001', '14-12-2023', '07:50:00'),
('RECORD282', 'EMP005', 'SCAN0001', '14-12-2023', '12:53:00'),
('RECORD283', 'EMP005', 'SCAN0001', '14-12-2023', '14:04:00'),
('RECORD284', 'EMP005', 'SCAN0001', '14-12-2023', '17:11:00'),
('RECORD285', 'EMP001', 'SCAN0001', '01-05-2023', '08:46:00'),
('RECORD286', 'EMP001', 'SCAN0001', '01-05-2023', '12:56:00'),
('RECORD287', 'EMP001', 'SCAN0001', '01-05-2023', '12:50:00'),
('RECORD288', 'EMP001', 'SCAN0001', '01-05-2023', '18:04:00'),
('RECORD289', 'EMP003', 'SCAN0001', '01-05-2023', '08:58:00'),
('RECORD290', 'EMP003', 'SCAN0001', '01-05-2023', '13:05:00'),
('RECORD291', 'EMP003', 'SCAN0001', '01-05-2023', '13:08:00'),
('RECORD292', 'EMP003', 'SCAN0001', '01-05-2023', '16:59:00'),
('RECORD293', 'EMP005', 'SCAN0001', '01-05-2023', '08:54:00'),
('RECORD294', 'EMP005', 'SCAN0001', '01-05-2023', '12:47:00'),
('RECORD295', 'EMP005', 'SCAN0001', '01-05-2023', '12:54:00'),
('RECORD296', 'EMP005', 'SCAN0001', '01-05-2023', '17:13:00'),
('RECORD297', 'EMP001', 'SCAN0001', '23-03-2023', '09:00:00'),
('RECORD298', 'EMP001', 'SCAN0001', '23-03-2023', '13:02:00'),
('RECORD299', 'EMP001', 'SCAN0001', '23-03-2023', '13:14:00'),
('RECORD300', 'EMP001', 'SCAN0001', '23-03-2023', '17:10:00'),
('RECORD301', 'EMP003', 'SCAN0001', '23-03-2023', '08:46:00'),
('RECORD302', 'EMP003', 'SCAN0001', '23-03-2023', '12:20:00'),
('RECORD303', 'EMP003', 'SCAN0001', '23-03-2023', '13:58:00'),
('RECORD304', 'EMP003', 'SCAN0001', '23-03-2023', '17:51:00'),
('RECORD305', 'EMP005', 'SCAN0001', '23-03-2023', '08:54:00'),
('RECORD306', 'EMP005', 'SCAN0001', '23-03-2023', '13:10:00'),
('RECORD307', 'EMP005', 'SCAN0001', '23-03-2023', '13:17:00'),
('RECORD308', 'EMP005', 'SCAN0001', '23-03-2023', '17:07:00'),
('RECORD309', 'EMP001', 'SCAN0001', '21-09-2023', '07:59:00'),
('RECORD310', 'EMP001', 'SCAN0001', '21-09-2023', '12:09:00'),
('RECORD311', 'EMP001', 'SCAN0001', '21-09-2023', '13:43:00'),
('RECORD312', 'EMP001', 'SCAN0001', '21-09-2023', '16:52:00'),
('RECORD313', 'EMP003', 'SCAN0001', '21-09-2023', '07:58:00'),
('RECORD314', 'EMP003', 'SCAN0001', '21-09-2023', '12:44:00'),
('RECORD315', 'EMP003', 'SCAN0001', '21-09-2023', '12:59:00'),
('RECORD316', 'EMP003', 'SCAN0001', '21-09-2023', '17:54:00'),
('RECORD317', 'EMP005', 'SCAN0001', '21-09-2023', '07:58:00'),
('RECORD318', 'EMP005', 'SCAN0001', '21-09-2023', '12:53:00'),
('RECORD319', 'EMP005', 'SCAN0001', '21-09-2023', '13:40:00'),
('RECORD320', 'EMP005', 'SCAN0001', '21-09-2023', '16:57:00'),
('RECORD321', 'EMP001', 'SCAN0001', '24-11-2023', '07:56:00'),
('RECORD322', 'EMP001', 'SCAN0001', '24-11-2023', '12:51:00'),
('RECORD323', 'EMP001', 'SCAN0001', '24-11-2023', '14:09:00'),
('RECORD324', 'EMP001', 'SCAN0001', '24-11-2023', '18:07:00'),
('RECORD325', 'EMP003', 'SCAN0001', '24-11-2023', '08:51:00'),
('RECORD326', 'EMP003', 'SCAN0001', '24-11-2023', '12:19:00'),
('RECORD327', 'EMP003', 'SCAN0001', '24-11-2023', '13:40:00'),
('RECORD328', 'EMP003', 'SCAN0001', '24-11-2023', '17:09:00'),
('RECORD329', 'EMP005', 'SCAN0001', '24-11-2023', '07:53:00'),
('RECORD330', 'EMP005', 'SCAN0001', '24-11-2023', '12:57:00'),
('RECORD331', 'EMP005', 'SCAN0001', '24-11-2023', '13:12:00'),
('RECORD332', 'EMP005', 'SCAN0001', '24-11-2023', '17:09:00'),
('RECORD333', 'EMP001', 'SCAN0001', '02-08-2023', '09:07:00'),
('RECORD334', 'EMP001', 'SCAN0001', '02-08-2023', '12:14:00'),
('RECORD335', 'EMP001', 'SCAN0001', '02-08-2023', '13:09:00'),
('RECORD336', 'EMP001', 'SCAN0001', '02-08-2023', '17:00:00'),
('RECORD337', 'EMP003', 'SCAN0001', '02-08-2023', '09:07:00'),
('RECORD338', 'EMP003', 'SCAN0001', '02-08-2023', '12:52:00'),
('RECORD339', 'EMP003', 'SCAN0001', '02-08-2023', '13:17:00'),
('RECORD340', 'EMP003', 'SCAN0001', '02-08-2023', '17:06:00'),
('RECORD341', 'EMP005', 'SCAN0001', '02-08-2023', '08:52:00'),
('RECORD342', 'EMP005', 'SCAN0001', '02-08-2023', '13:02:00'),
('RECORD343', 'EMP005', 'SCAN0001', '02-08-2023', '14:01:00'),
('RECORD344', 'EMP005', 'SCAN0001', '02-08-2023', '17:14:00'),
('RECORD345', 'EMP001', 'SCAN0001', '01-03-2023', '08:14:00'),
('RECORD346', 'EMP001', 'SCAN0001', '01-03-2023', '13:03:00'),
('RECORD347', 'EMP001', 'SCAN0001', '01-03-2023', '14:00:00'),
('RECORD348', 'EMP001', 'SCAN0001', '01-03-2023', '17:15:00'),
('RECORD349', 'EMP003', 'SCAN0001', '01-03-2023', '08:51:00'),
('RECORD350', 'EMP003', 'SCAN0001', '01-03-2023', '11:54:00'),
('RECORD351', 'EMP003', 'SCAN0001', '01-03-2023', '14:01:00'),
('RECORD352', 'EMP003', 'SCAN0001', '01-03-2023', '17:03:00'),
('RECORD353', 'EMP005', 'SCAN0001', '01-03-2023', '07:54:00'),
('RECORD354', 'EMP005', 'SCAN0001', '01-03-2023', '11:50:00'),
('RECORD355', 'EMP005', 'SCAN0001', '01-03-2023', '13:12:00'),
('RECORD356', 'EMP005', 'SCAN0001', '01-03-2023', '17:46:00'),
('RECORD357', 'EMP001', 'SCAN0001', '19-03-2023', '08:52:00'),
('RECORD358', 'EMP001', 'SCAN0001', '19-03-2023', '12:58:00'),
('RECORD359', 'EMP001', 'SCAN0001', '19-03-2023', '13:43:00'),
('RECORD360', 'EMP001', 'SCAN0001', '19-03-2023', '16:56:00'),
('RECORD361', 'EMP003', 'SCAN0001', '19-03-2023', '07:57:00'),
('RECORD362', 'EMP003', 'SCAN0001', '19-03-2023', '12:03:00'),
('RECORD363', 'EMP003', 'SCAN0001', '19-03-2023', '13:56:00'),
('RECORD364', 'EMP003', 'SCAN0001', '19-03-2023', '17:45:00'),
('RECORD365', 'EMP005', 'SCAN0001', '19-03-2023', '08:14:00'),
('RECORD366', 'EMP005', 'SCAN0001', '19-03-2023', '12:19:00'),
('RECORD367', 'EMP005', 'SCAN0001', '19-03-2023', '13:16:00'),
('RECORD368', 'EMP005', 'SCAN0001', '19-03-2023', '16:55:00'),
('RECORD369', 'EMP001', 'SCAN0001', '02-08-2023', '08:56:00'),
('RECORD370', 'EMP001', 'SCAN0001', '02-08-2023', '12:56:00'),
('RECORD371', 'EMP001', 'SCAN0001', '02-08-2023', '14:03:00'),
('RECORD372', 'EMP001', 'SCAN0001', '02-08-2023', '17:47:00'),
('RECORD373', 'EMP003', 'SCAN0001', '02-08-2023', '07:57:00'),
('RECORD374', 'EMP003', 'SCAN0001', '02-08-2023', '12:44:00'),
('RECORD375', 'EMP003', 'SCAN0001', '02-08-2023', '13:40:00'),
('RECORD376', 'EMP003', 'SCAN0001', '02-08-2023', '17:41:00'),
('RECORD377', 'EMP005', 'SCAN0001', '02-08-2023', '08:09:00'),
('RECORD378', 'EMP005', 'SCAN0001', '02-08-2023', '13:05:00'),
('RECORD379', 'EMP005', 'SCAN0001', '02-08-2023', '14:10:00'),
('RECORD380', 'EMP005', 'SCAN0001', '02-08-2023', '17:01:00'),
('RECORD381', 'EMP001', 'SCAN0001', '21-07-2023', '07:56:00'),
('RECORD382', 'EMP001', 'SCAN0001', '21-07-2023', '12:13:00'),
('RECORD383', 'EMP001', 'SCAN0001', '21-07-2023', '14:05:00'),
('RECORD384', 'EMP001', 'SCAN0001', '21-07-2023', '17:11:00'),
('RECORD385', 'EMP003', 'SCAN0001', '21-07-2023', '08:48:00'),
('RECORD386', 'EMP003', 'SCAN0001', '21-07-2023', '12:20:00'),
('RECORD387', 'EMP003', 'SCAN0001', '21-07-2023', '13:42:00'),
('RECORD388', 'EMP003', 'SCAN0001', '21-07-2023', '17:42:00'),
('RECORD389', 'EMP005', 'SCAN0001', '21-07-2023', '09:01:00'),
('RECORD390', 'EMP005', 'SCAN0001', '21-07-2023', '11:52:00'),
('RECORD391', 'EMP005', 'SCAN0001', '21-07-2023', '12:51:00'),
('RECORD392', 'EMP005', 'SCAN0001', '21-07-2023', '17:58:00'),
('RECORD393', 'EMP001', 'SCAN0001', '15-06-2023', '07:54:00'),
('RECORD394', 'EMP001', 'SCAN0001', '15-06-2023', '12:46:00'),
('RECORD395', 'EMP001', 'SCAN0001', '15-06-2023', '13:06:00'),
('RECORD396', 'EMP001', 'SCAN0001', '15-06-2023', '17:13:00'),
('RECORD397', 'EMP003', 'SCAN0001', '15-06-2023', '08:07:00'),
('RECORD398', 'EMP003', 'SCAN0001', '15-06-2023', '12:48:00'),
('RECORD399', 'EMP003', 'SCAN0001', '15-06-2023', '13:14:00'),
('RECORD400', 'EMP003', 'SCAN0001', '15-06-2023', '17:01:00')
